"Baseline","No_age","Exclude_GSE184316","Leave_out_GSE213001"
1,1,1,1
1,1,1,1
1,1,1,1
1,1,1,1
1,1,1,1
1,1,1,1
1,1,1,1
1,1,1,1
1,1,1,1
1,1,1,1
1,1,1,0
1,1,1,1
1,1,1,1
1,1,1,1
1,1,1,1
1,1,1,1
1,1,1,1
1,1,1,1
1,1,1,0
1,1,1,1
1,1,1,1
1,1,1,1
1,1,1,0
1,1,1,1
1,1,1,0
1,1,1,1
1,1,1,0
1,1,1,1
1,1,1,1
1,1,1,1
1,1,1,1
1,1,1,1
1,1,1,1
1,1,1,1
1,1,1,0
1,1,1,0
1,1,1,1
1,1,1,0
1,1,1,1
1,1,1,0
1,1,1,0
1,1,1,1
1,1,1,1
1,1,1,0
1,1,1,0
1,1,1,1
1,1,1,0
1,1,1,1
1,1,1,1
1,0,0,1
1,1,1,0
1,1,1,1
1,1,1,0
1,1,1,0
1,1,1,0
1,1,1,0
1,1,1,1
1,1,1,0
1,1,1,0
1,1,1,1
1,1,1,1
1,1,1,1
1,1,1,1
1,1,1,0
1,1,1,1
1,1,1,0
1,1,1,1
1,1,1,0
1,1,1,1
1,0,1,0
1,1,1,1
1,1,1,0
1,1,1,1
1,1,1,0
1,1,1,1
1,1,1,0
1,1,1,0
1,1,1,1
1,1,1,1
1,1,1,1
1,1,1,0
1,1,1,1
1,1,1,1
1,1,1,1
1,1,1,1
1,1,1,0
1,1,1,0
1,1,1,0
1,1,1,0
1,1,1,1
1,1,1,1
1,1,1,1
1,1,1,1
1,1,1,0
1,1,1,0
1,1,1,0
1,1,1,0
1,1,1,1
1,1,1,1
1,1,1,1
1,1,1,0
1,1,1,0
1,1,1,1
1,1,1,1
1,1,1,0
1,1,1,1
1,1,1,1
1,1,1,0
1,1,1,0
1,1,1,1
1,1,1,0
1,1,1,1
1,1,1,0
1,1,1,1
1,1,1,1
1,1,1,0
1,1,1,0
1,1,1,1
1,1,1,1
1,1,1,0
1,1,1,0
1,1,1,0
1,1,1,0
1,1,1,1
1,1,1,1
1,1,1,1
1,1,1,0
1,1,1,0
1,1,1,0
1,1,1,0
1,1,1,0
1,1,1,0
1,1,1,0
1,1,1,0
1,1,1,1
1,1,1,0
1,1,1,0
1,1,1,1
1,1,1,0
1,1,1,0
1,1,1,0
1,1,1,0
1,1,1,1
1,1,1,0
1,1,1,1
1,1,1,0
1,1,1,1
1,1,1,0
1,1,1,0
1,1,1,1
1,1,1,0
1,1,1,0
1,1,1,1
1,1,1,0
1,1,1,1
1,0,1,1
1,1,1,0
1,1,1,0
1,1,1,1
1,1,1,1
1,1,1,1
1,1,1,0
1,1,1,0
1,1,1,0
1,1,1,0
1,1,1,1
1,1,1,1
1,1,1,1
1,1,1,0
1,1,1,0
1,1,1,0
1,1,1,0
1,1,1,1
1,1,1,0
1,1,1,0
1,1,1,0
1,1,1,0
1,1,1,1
1,1,1,1
1,1,1,0
1,1,1,1
1,1,1,1
1,1,1,1
1,1,1,0
1,1,1,0
1,1,1,0
1,1,1,0
1,1,1,0
1,1,1,0
1,1,1,0
1,1,1,0
1,1,1,1
1,1,1,0
1,1,1,0
1,1,1,1
1,1,1,0
1,1,1,1
1,1,1,0
1,1,1,1
1,1,1,0
1,1,1,1
1,1,1,0
1,1,1,0
1,1,1,0
1,1,1,0
1,1,1,0
1,1,1,0
1,1,1,0
1,1,0,1
1,1,1,1
1,1,1,0
1,1,1,1
1,1,1,0
1,1,1,0
1,1,1,0
1,1,1,0
1,1,1,0
1,1,1,0
1,1,1,0
1,1,1,1
1,1,1,1
1,1,1,0
1,1,1,1
1,1,1,0
1,1,1,0
1,1,1,0
1,1,1,0
1,1,1,1
1,1,1,0
1,1,1,1
1,1,1,1
1,1,1,0
1,1,1,1
1,1,1,0
1,1,1,1
1,1,1,1
1,1,1,0
1,1,1,0
1,1,1,0
1,1,1,1
1,1,1,1
1,1,1,0
1,1,1,0
1,1,1,0
1,1,1,0
1,1,1,0
1,1,1,0
1,1,1,1
1,1,1,0
1,1,1,0
1,1,1,0
1,1,1,1
1,1,1,0
1,1,1,0
1,1,1,0
1,0,1,1
1,1,1,0
1,1,1,0
1,1,1,1
1,1,1,1
1,1,1,0
1,1,1,0
1,1,1,0
1,1,1,0
1,1,1,0
1,1,1,0
1,1,1,1
1,1,1,1
1,1,1,0
1,1,1,1
1,1,1,0
1,1,1,0
1,1,1,1
1,1,1,0
1,1,1,0
1,1,1,0
1,1,1,1
1,1,1,1
1,1,1,0
1,1,1,0
1,1,1,0
1,1,1,1
1,1,1,1
1,1,1,1
1,1,1,1
1,1,1,0
1,1,1,0
1,1,1,0
1,1,1,0
1,1,1,1
1,1,1,0
1,1,1,1
1,1,1,0
1,1,1,0
1,1,1,0
1,1,1,0
1,1,1,0
1,1,1,1
1,1,1,0
1,1,1,1
1,1,1,0
1,1,1,0
1,1,1,0
1,1,1,1
1,1,1,0
1,1,1,1
1,1,1,0
1,1,1,0
1,1,1,0
1,1,1,0
1,1,1,0
1,1,1,0
1,1,1,0
1,1,1,0
1,1,1,1
1,1,1,0
1,1,1,0
1,1,1,0
1,1,1,0
1,0,1,1
1,1,1,0
1,1,1,0
1,1,1,0
1,1,1,0
1,1,1,0
1,1,1,0
1,1,1,1
1,1,1,0
1,1,1,0
1,1,1,0
1,1,1,0
1,1,1,1
1,1,1,0
1,1,1,1
1,1,1,0
1,1,1,0
1,1,1,0
1,1,1,0
1,1,1,0
1,1,1,1
1,1,1,1
1,1,1,0
1,1,1,1
1,1,1,0
1,1,1,0
1,1,1,1
1,1,1,1
1,1,1,1
1,1,1,0
1,1,1,1
1,1,1,0
1,1,1,0
1,1,1,0
1,1,1,0
1,1,1,0
1,1,1,0
1,1,1,1
1,1,1,0
1,1,1,0
1,1,1,0
1,1,1,0
1,1,1,0
1,1,1,0
1,1,1,0
1,1,1,0
1,1,1,0
1,1,1,0
1,1,1,0
1,1,1,1
1,1,1,1
1,1,1,0
1,1,1,0
1,1,1,0
1,1,1,1
1,1,1,0
1,1,1,0
1,1,1,0
1,1,1,1
1,1,1,0
1,1,1,0
1,1,1,0
1,1,1,0
1,1,1,1
1,1,1,0
1,1,1,0
1,1,1,0
1,1,1,0
1,1,1,0
1,1,1,1
1,1,1,0
1,1,1,0
1,1,1,1
1,1,1,0
1,1,1,0
1,1,1,1
1,1,1,0
1,1,1,1
1,1,1,0
1,1,1,0
1,1,1,0
1,1,1,1
1,1,1,0
1,1,1,0
1,1,1,0
1,1,1,1
1,1,1,1
1,1,1,1
1,1,1,0
1,1,1,1
1,0,0,1
1,1,1,1
1,1,1,0
1,1,1,0
1,1,1,0
1,1,1,0
1,1,1,0
1,1,1,1
1,1,1,0
1,1,1,0
1,1,1,0
1,1,1,0
1,1,1,0
1,1,1,0
1,1,1,0
1,1,1,1
1,1,1,0
1,1,1,1
1,1,1,1
1,1,1,0
1,1,1,0
1,1,1,1
1,1,1,0
1,1,1,0
1,1,1,0
1,1,1,0
1,1,1,0
1,1,1,1
1,1,1,0
1,1,1,1
1,1,1,0
1,1,1,1
1,1,1,1
1,1,1,0
1,1,1,1
1,1,1,0
1,1,1,1
1,1,1,0
1,1,1,0
1,1,1,0
1,1,1,0
1,1,1,0
1,1,1,0
1,1,1,0
1,1,1,1
1,1,1,0
1,1,1,0
1,1,1,0
1,1,1,0
1,1,1,1
1,1,1,1
1,1,1,0
1,1,1,0
1,1,1,0
1,1,1,0
1,1,1,0
1,1,1,0
1,1,1,1
1,1,1,0
1,1,1,0
1,1,1,0
1,1,1,0
1,1,1,0
1,1,1,0
1,1,1,0
1,1,1,0
1,1,1,1
1,1,1,1
1,1,1,1
1,1,1,0
1,1,1,0
1,1,1,0
1,1,1,0
1,1,1,1
1,1,1,1
1,1,1,0
1,1,1,1
1,1,1,0
1,1,1,1
1,1,1,0
1,1,1,0
1,1,1,0
1,1,1,0
1,1,1,0
1,1,1,0
1,1,1,0
1,1,1,0
1,1,1,0
1,1,1,0
1,1,1,0
1,1,1,0
1,1,1,0
1,1,1,0
1,1,1,0
1,1,1,0
1,1,1,1
1,1,1,0
1,1,1,0
1,1,1,0
1,1,1,0
1,1,1,1
1,1,1,0
1,1,1,0
1,1,1,1
1,1,1,0
1,1,1,0
1,1,1,0
1,1,1,0
1,1,1,0
1,1,1,0
1,1,1,0
1,1,1,0
1,1,1,0
1,1,1,1
1,1,1,0
1,1,1,1
1,1,1,1
1,1,1,0
1,1,1,0
1,1,1,0
1,1,1,0
1,1,1,1
1,1,1,0
1,1,1,0
1,1,1,0
1,1,1,0
1,1,1,1
1,1,1,0
1,1,1,1
1,1,1,0
1,1,1,0
1,1,1,0
1,1,1,0
1,1,1,0
1,1,1,0
1,1,1,0
1,1,1,0
1,1,1,0
1,1,1,0
1,1,1,1
1,1,1,0
1,1,1,0
1,1,1,0
1,1,1,1
1,1,1,0
1,1,1,0
1,1,1,0
1,1,1,0
1,1,1,0
1,1,1,0
1,1,1,0
1,1,1,0
1,1,1,1
1,1,1,0
1,1,1,0
1,1,1,0
1,1,1,0
1,1,1,0
1,1,1,0
1,1,1,0
1,1,1,0
1,1,1,1
1,1,1,0
1,1,1,0
1,1,1,0
1,1,1,0
1,1,1,0
1,1,1,0
1,1,1,0
1,1,1,0
1,1,1,0
1,1,1,0
1,1,1,0
1,1,1,0
1,1,1,0
1,1,1,0
1,1,1,0
1,1,1,1
1,1,1,0
1,1,1,0
1,1,1,0
1,1,1,0
1,1,1,0
1,1,1,1
1,1,1,0
1,0,1,1
1,1,1,0
1,1,1,0
1,1,1,0
1,1,1,0
1,1,1,0
1,1,1,0
1,1,1,1
1,1,1,1
1,1,1,0
1,1,1,1
1,1,1,0
1,1,1,1
1,1,1,0
1,1,1,1
1,1,1,0
1,1,1,0
1,1,1,0
1,1,1,0
1,1,1,1
1,1,1,1
1,1,1,0
1,1,1,0
1,1,1,1
1,1,1,0
1,1,1,0
1,1,1,0
1,1,1,0
1,1,1,0
1,1,1,1
1,1,1,0
1,1,1,1
1,1,1,1
1,1,1,1
1,1,1,0
1,1,1,1
1,1,1,1
1,1,1,0
1,1,1,0
1,1,1,0
1,1,1,0
1,1,1,1
1,1,1,0
1,1,1,0
1,1,1,0
1,1,1,0
1,1,1,0
1,1,1,0
1,1,1,0
1,1,1,1
1,1,1,1
1,1,1,0
1,1,1,0
1,1,1,0
1,1,1,0
1,1,1,0
1,1,1,0
1,0,1,1
1,1,1,0
1,1,1,1
1,1,1,0
1,1,1,0
1,1,1,1
1,1,1,0
1,1,1,0
1,1,1,1
1,1,1,0
1,1,1,0
1,1,1,0
1,1,1,0
1,1,1,0
1,1,1,0
1,1,1,0
1,1,1,0
1,1,1,1
1,1,1,0
1,1,1,0
1,1,0,0
1,1,1,0
1,1,1,0
1,1,1,1
1,1,1,0
1,1,1,0
1,1,1,0
1,1,1,0
1,1,1,1
1,1,1,1
1,1,1,0
1,1,1,0
1,1,1,0
1,1,1,0
1,0,1,0
1,1,1,0
1,0,1,0
1,1,1,0
1,1,1,0
1,1,1,1
1,1,1,0
1,1,1,0
1,1,1,0
1,1,1,0
1,1,1,1
1,1,1,0
1,1,1,0
1,1,1,0
1,1,1,0
1,1,1,0
1,1,1,1
1,1,1,0
1,1,1,0
1,1,1,0
1,1,1,0
1,1,1,0
1,1,1,0
1,1,1,0
1,1,1,0
1,1,1,1
1,0,1,0
1,1,1,0
1,1,1,0
1,1,1,0
1,1,1,0
1,1,1,0
1,1,1,0
1,1,1,0
1,1,1,0
1,1,1,0
1,1,1,1
1,0,0,1
1,1,1,0
1,1,1,0
1,1,1,0
1,1,1,1
1,1,1,0
1,1,1,0
1,1,1,0
1,1,1,0
1,1,1,0
1,1,1,0
1,1,1,0
1,1,1,0
1,1,1,0
1,1,1,0
1,1,1,0
1,1,1,1
1,1,1,0
1,1,1,0
1,1,1,0
1,1,1,1
1,1,1,0
1,1,1,0
1,1,1,0
1,1,1,0
1,1,1,0
1,1,1,0
1,0,1,1
1,1,1,0
1,1,1,0
1,1,1,1
1,1,1,0
1,1,1,0
1,1,1,1
1,1,1,0
1,1,1,0
1,1,1,1
1,1,1,1
1,1,1,0
1,1,1,0
1,1,1,0
1,1,1,0
1,1,1,0
1,1,1,0
1,1,1,0
1,1,1,1
1,0,1,0
1,1,1,1
1,1,1,0
1,1,1,0
1,1,1,0
1,1,1,0
1,1,1,1
1,0,1,1
1,1,1,0
1,1,1,0
1,1,1,0
1,1,1,1
1,1,1,0
1,1,1,0
1,1,1,0
1,1,1,1
1,1,1,0
1,1,1,0
1,1,1,0
1,1,1,0
1,1,1,0
1,1,1,1
1,1,1,0
1,1,1,0
1,1,1,0
1,1,1,0
1,1,1,1
1,1,1,0
1,1,1,0
1,0,1,1
1,1,1,0
1,1,1,0
1,1,1,0
1,1,1,0
1,1,1,0
1,1,1,0
1,1,1,0
1,1,1,0
1,1,1,0
1,1,1,0
1,1,1,0
1,1,1,0
1,1,1,0
1,1,1,0
1,1,1,0
1,1,1,0
1,1,1,1
1,0,1,0
1,1,1,0
1,1,1,0
1,1,1,0
1,0,1,0
1,1,1,0
1,1,1,1
1,1,1,0
1,1,1,0
1,1,1,0
1,1,1,0
1,1,1,1
1,1,1,0
1,1,1,1
1,1,1,0
1,1,1,0
1,1,1,0
1,1,1,0
1,1,1,0
1,1,1,0
1,1,1,0
1,1,1,0
1,1,1,0
1,1,1,0
1,1,1,0
1,1,1,0
1,1,1,0
1,1,1,0
1,1,1,1
1,1,1,0
1,1,1,0
1,1,1,0
1,1,1,0
1,1,1,0
1,1,1,0
1,1,1,0
1,1,1,0
1,1,1,0
1,1,1,0
1,1,0,0
1,1,1,0
1,1,1,0
1,1,1,0
1,1,1,0
1,1,1,0
1,1,1,0
1,1,1,0
1,1,1,0
1,1,1,0
1,1,1,0
1,1,1,0
1,1,1,0
1,1,1,0
1,1,1,0
1,1,1,0
1,1,1,0
1,1,1,0
1,1,1,0
1,1,1,0
1,1,1,0
1,1,1,0
1,1,1,0
1,1,1,0
1,1,1,0
1,1,1,0
1,1,1,0
1,1,1,0
1,1,1,1
1,1,1,0
1,1,1,0
1,1,1,0
1,1,1,0
1,1,1,0
1,1,1,0
1,1,1,0
1,1,1,1
1,1,1,0
1,0,1,0
1,1,1,0
1,1,1,0
1,1,1,0
1,0,1,1
1,1,1,0
1,1,1,0
1,1,1,0
1,1,1,0
1,1,1,0
1,1,1,0
1,1,1,0
1,1,1,0
1,1,1,0
1,1,1,0
1,1,1,0
1,1,1,0
1,1,1,1
1,1,1,0
1,1,1,0
1,1,1,1
1,1,1,0
1,1,1,0
1,1,1,0
1,1,1,1
1,1,1,0
1,1,1,1
1,1,1,0
1,1,1,0
1,1,1,0
1,1,1,0
1,1,1,0
1,1,1,0
1,1,1,1
1,1,1,1
1,1,1,0
1,1,1,0
1,1,1,0
1,1,1,0
1,1,1,0
1,1,1,0
1,1,1,0
1,1,1,0
1,1,1,0
1,1,1,0
1,1,1,0
1,1,1,1
1,1,1,0
1,1,1,0
1,1,1,0
1,1,1,0
1,1,1,0
1,1,1,0
1,1,1,0
1,1,1,0
1,1,1,1
1,1,1,0
1,1,1,1
1,1,1,0
1,1,1,0
1,1,1,0
1,1,1,0
1,1,1,0
1,1,1,0
1,1,1,0
1,1,1,0
1,1,1,0
1,1,1,0
1,1,1,0
1,1,1,0
1,1,1,0
1,1,1,0
1,1,1,0
1,1,1,0
1,1,1,0
1,1,1,0
1,1,1,0
1,1,1,0
1,1,1,0
1,1,1,1
1,1,0,0
1,1,1,0
1,0,1,0
1,0,0,1
1,1,1,0
1,1,1,0
1,1,1,0
1,1,1,1
1,1,1,1
1,1,1,0
1,1,1,0
1,1,1,0
1,1,1,1
1,1,1,0
1,1,1,0
1,1,1,0
1,1,1,0
1,1,1,0
1,1,1,1
1,1,1,1
1,1,1,0
1,1,1,0
1,1,1,0
1,1,1,0
1,1,1,0
1,1,1,0
1,1,1,0
1,1,1,0
1,1,1,0
1,1,1,1
1,1,1,1
1,1,1,0
1,1,1,0
1,1,1,0
1,1,1,1
1,1,1,0
1,1,1,0
1,1,1,0
1,1,1,0
1,1,1,0
1,1,1,0
1,1,1,0
1,1,1,0
1,1,1,0
1,1,1,0
1,1,1,1
1,1,1,0
1,1,1,0
1,1,1,0
1,1,1,0
1,1,1,0
1,1,1,0
1,1,1,0
1,1,1,0
1,1,1,0
1,1,1,0
1,1,1,0
1,1,1,0
1,1,1,0
1,1,1,0
1,1,1,0
1,1,1,0
1,1,1,0
1,1,1,0
1,1,1,0
1,1,1,0
1,0,1,0
1,1,1,0
1,1,1,0
1,1,1,1
1,1,1,0
1,1,1,0
1,1,1,1
1,1,1,0
1,1,1,1
1,1,1,0
1,1,0,0
1,1,1,0
1,1,1,0
1,1,1,0
1,1,1,0
1,0,1,0
1,1,1,0
1,1,1,0
1,1,1,0
1,1,1,0
1,1,1,0
1,1,1,0
1,1,1,1
1,1,1,0
1,1,1,0
1,1,1,0
1,1,1,0
1,1,1,0
1,1,1,0
1,1,1,0
1,1,1,0
1,1,1,0
1,1,1,1
1,1,1,0
1,1,1,1
1,1,1,0
1,1,1,0
1,0,1,0
1,1,1,0
1,1,1,0
1,1,1,0
1,1,1,0
1,1,1,0
1,1,1,0
1,1,1,0
1,1,1,1
1,1,1,0
1,1,1,0
1,1,1,0
1,1,1,0
1,1,1,0
1,1,1,0
1,1,1,0
1,0,1,0
1,1,1,0
1,1,1,1
1,1,1,0
1,1,1,0
1,1,1,0
1,1,1,0
1,1,1,0
1,1,1,0
1,1,1,0
1,1,1,1
1,1,1,0
1,1,1,0
1,1,1,0
1,1,1,0
1,1,1,1
1,1,1,1
1,1,0,0
1,1,1,0
1,1,1,0
1,1,1,0
1,1,1,0
1,0,1,0
1,1,1,0
1,1,1,0
1,1,1,0
1,1,1,1
1,1,1,0
1,1,1,0
1,1,1,0
1,1,1,0
1,1,1,0
1,1,1,0
1,1,1,0
1,1,1,0
1,1,1,0
1,1,1,1
1,1,1,0
1,1,1,0
1,1,1,0
1,1,1,0
1,1,1,0
1,1,1,0
1,1,1,0
1,1,1,0
1,1,1,0
1,1,1,0
1,1,1,0
1,1,1,0
1,1,0,0
1,1,1,0
1,1,1,0
1,1,1,0
1,1,1,0
1,1,1,0
1,1,1,0
1,1,1,0
1,1,1,0
1,1,1,0
1,1,1,0
1,1,1,0
1,1,1,0
1,1,1,0
1,1,1,1
1,0,1,0
1,1,1,0
1,1,1,0
1,1,1,0
1,0,1,0
1,1,1,0
1,1,1,0
1,0,0,1
1,1,1,0
1,1,1,0
1,0,1,0
1,1,1,0
1,1,1,0
1,1,1,0
1,1,1,0
1,1,1,0
1,1,1,0
1,1,1,0
1,1,1,0
1,1,1,0
1,1,1,0
1,1,1,0
1,1,1,0
1,1,1,0
1,1,1,0
1,1,1,1
1,1,1,0
1,1,1,0
1,1,1,0
1,1,1,0
1,1,1,1
1,1,1,0
1,1,1,0
1,0,1,0
1,1,1,1
1,1,1,0
1,1,1,0
1,1,1,0
1,1,1,0
1,1,1,0
1,1,1,0
1,1,1,0
1,1,1,0
1,1,1,0
1,1,1,0
1,1,1,0
1,1,1,0
1,1,1,0
1,1,1,0
1,1,1,0
1,1,1,0
1,1,1,0
1,1,1,0
1,1,1,0
1,1,1,0
1,1,1,1
1,1,1,0
1,1,1,0
1,0,1,0
1,1,1,0
1,0,1,0
1,1,1,0
1,1,1,0
1,1,1,0
1,1,1,0
1,1,1,0
1,0,1,0
1,1,1,0
1,1,1,0
1,1,1,0
1,1,1,1
1,1,1,1
1,1,1,0
1,1,1,0
1,1,1,0
1,1,1,0
1,1,1,0
1,0,1,0
1,1,1,0
1,1,1,0
1,1,1,0
1,1,1,0
1,1,1,0
1,1,1,0
1,1,1,0
1,1,1,0
1,1,1,0
1,1,1,0
1,1,1,0
1,1,1,0
1,1,1,0
1,1,1,0
1,1,1,1
1,1,1,0
1,1,1,0
1,1,1,0
1,0,1,0
1,1,1,0
1,1,1,1
1,1,1,0
1,1,1,0
1,1,1,1
1,1,1,0
1,1,1,0
1,1,1,0
1,1,1,0
1,1,1,1
1,1,1,0
1,1,1,0
1,1,1,0
1,1,1,0
1,1,1,0
1,1,1,0
1,1,1,0
1,1,1,0
1,1,1,0
1,1,1,0
1,1,1,0
1,1,1,0
1,1,1,0
1,1,1,0
1,1,1,0
1,1,1,0
1,1,1,0
1,1,1,0
1,1,1,0
1,1,1,0
1,1,1,0
1,1,1,0
1,1,1,0
1,1,1,0
1,1,1,0
1,1,1,0
1,1,1,0
1,1,1,0
1,1,1,0
1,0,1,0
1,1,1,0
1,1,1,0
1,1,1,1
1,1,1,0
1,0,1,0
1,1,1,0
1,1,1,0
1,1,0,0
1,1,1,0
1,1,1,0
1,1,1,0
1,1,1,0
1,1,1,0
1,1,1,0
1,1,1,0
1,1,1,0
1,1,1,0
1,1,1,0
1,1,1,1
1,1,1,1
1,1,1,0
1,1,1,0
1,1,1,0
1,1,1,0
1,1,1,0
1,1,1,0
1,1,1,0
1,1,1,0
1,1,1,0
1,1,1,0
1,1,1,0
1,1,0,1
1,0,1,0
1,1,1,0
1,1,1,0
1,1,1,0
1,1,1,0
1,1,1,0
1,1,1,0
1,1,1,0
1,1,1,0
1,1,1,0
1,1,1,0
1,1,1,0
1,0,1,1
1,1,1,0
1,1,1,0
1,1,1,0
1,0,1,0
1,0,1,0
1,1,1,0
1,1,1,0
1,1,1,0
1,1,1,1
1,1,1,1
1,1,1,0
1,1,1,1
1,1,1,0
1,1,1,0
1,0,0,0
1,1,1,0
1,1,0,0
1,0,1,0
1,1,1,0
1,1,1,0
1,0,1,0
1,1,1,0
1,1,1,0
1,1,1,0
1,1,1,0
1,1,1,0
1,1,1,0
1,1,1,0
1,1,1,0
1,1,1,0
1,1,1,1
1,1,1,0
1,1,1,0
1,1,1,0
1,1,1,0
1,1,1,0
1,0,1,1
1,1,1,0
1,0,0,1
1,1,1,0
1,1,1,0
1,1,1,0
1,1,1,0
1,1,1,0
1,1,1,0
1,1,1,0
1,1,1,0
1,1,1,0
1,1,1,0
1,1,1,0
1,1,1,0
1,1,1,0
1,1,1,0
1,1,1,0
1,0,1,0
1,1,0,1
1,1,1,0
1,1,1,0
1,1,1,0
1,1,1,0
1,1,1,0
1,1,1,1
1,1,1,0
1,1,1,0
1,1,1,0
1,1,1,0
1,1,1,0
1,1,1,0
1,1,1,0
1,1,1,0
1,1,1,0
1,1,1,0
1,1,1,0
1,1,1,0
1,1,1,0
1,1,1,0
1,0,1,0
1,1,1,0
1,1,1,0
1,1,1,0
1,1,1,0
1,1,1,0
1,1,1,0
1,0,1,0
1,0,1,0
1,1,1,0
1,0,0,0
1,1,1,0
1,1,1,0
1,1,1,1
1,1,1,0
1,1,1,0
1,0,1,0
1,1,1,1
1,1,1,0
1,1,1,0
1,1,1,0
1,0,1,0
1,1,1,1
1,1,1,0
1,1,0,0
1,1,1,0
1,0,1,0
1,1,1,0
1,1,1,1
1,1,1,0
1,1,1,0
1,1,1,1
1,1,1,0
1,1,1,0
1,1,1,0
1,1,1,0
1,1,1,0
1,1,1,0
1,1,1,0
1,1,1,0
1,1,1,0
1,0,1,0
1,1,0,0
1,1,1,0
1,0,1,0
1,1,1,0
1,1,1,1
1,1,1,0
1,1,1,0
1,1,1,0
1,0,1,0
1,1,1,0
1,1,1,0
1,1,1,0
1,1,1,0
1,0,1,1
1,1,1,0
1,0,1,0
1,1,1,1
1,0,1,0
1,1,1,0
1,1,1,0
1,0,1,0
1,1,0,0
1,1,1,0
1,1,1,1
1,1,1,0
1,1,1,0
1,1,1,1
1,1,1,0
1,1,1,0
1,1,1,0
1,0,1,0
1,1,1,0
1,1,1,0
1,0,1,0
1,0,1,0
1,1,1,0
1,1,1,0
1,1,1,0
1,1,1,0
1,1,0,0
1,1,1,0
1,1,1,0
1,1,1,0
1,0,1,0
1,1,1,0
1,1,1,0
1,0,1,0
1,1,1,0
1,1,1,1
1,1,1,0
1,1,0,0
1,1,1,0
1,1,1,0
1,1,1,0
1,0,1,0
1,1,1,0
1,1,1,0
1,1,1,0
1,1,1,0
1,1,1,0
1,1,1,0
1,1,1,0
1,1,1,0
1,1,1,1
1,1,1,0
1,1,1,0
1,1,1,0
1,1,1,0
1,1,1,0
1,1,1,0
1,1,1,0
1,1,1,0
1,1,0,1
1,1,1,0
1,1,1,0
1,1,1,0
1,0,1,0
1,1,1,0
1,1,1,0
1,1,1,0
1,1,1,0
1,1,1,0
1,1,1,0
1,1,1,0
1,1,1,0
1,1,1,0
1,1,1,0
1,1,1,0
1,1,0,0
1,1,1,0
1,1,1,0
1,1,1,0
1,1,1,0
1,1,1,0
1,1,1,0
1,1,1,0
1,1,1,0
1,1,1,1
1,1,1,1
1,1,1,0
1,1,1,0
1,0,1,0
1,1,1,0
1,1,1,0
1,1,1,0
1,1,1,0
1,0,1,0
1,1,1,0
1,1,1,0
1,1,1,0
1,0,1,0
1,1,1,0
1,1,1,1
1,1,1,1
1,1,1,0
1,1,1,1
1,1,1,0
1,1,1,0
1,0,1,0
1,1,1,0
1,1,1,0
1,1,1,0
1,1,1,0
1,1,1,0
1,0,1,0
1,1,1,0
1,1,1,0
1,1,1,0
1,1,1,0
1,1,0,0
1,1,1,0
1,1,1,0
1,1,1,0
1,1,1,0
1,1,1,0
1,1,1,0
1,1,1,0
1,0,1,0
1,1,1,0
1,1,1,0
1,1,1,0
1,1,1,0
1,1,1,0
1,1,1,0
1,1,1,0
1,1,1,0
1,1,1,0
1,1,1,1
1,1,1,0
1,1,1,0
1,1,1,0
1,1,1,0
1,1,1,0
1,1,1,0
1,1,1,0
1,1,1,0
1,1,1,0
1,1,1,0
1,1,1,0
1,1,1,0
1,0,1,0
1,0,0,0
1,1,1,0
1,1,1,0
1,1,1,0
1,1,1,0
1,1,1,0
1,1,1,0
1,1,1,0
1,1,1,0
1,1,0,0
1,1,1,0
1,1,1,0
1,1,1,0
1,1,1,0
1,1,1,0
1,1,1,0
1,1,1,1
1,1,1,0
1,1,1,0
1,1,1,0
1,1,1,0
1,1,1,0
1,1,1,0
1,0,1,0
1,0,1,0
1,1,1,0
1,1,1,0
1,1,1,0
1,1,1,0
1,1,1,0
1,1,1,0
1,1,0,1
1,1,1,0
1,1,1,0
1,1,1,0
1,1,1,0
1,1,1,0
1,1,1,0
1,1,1,0
1,1,1,0
1,1,1,0
1,1,1,0
1,1,1,0
1,1,1,0
1,1,1,0
1,0,1,0
1,1,1,0
1,1,1,0
1,1,1,0
1,1,1,0
1,1,0,0
1,1,1,0
1,1,1,0
1,1,1,1
1,0,0,0
1,1,1,0
1,1,1,0
1,1,1,0
1,1,1,0
1,1,1,0
1,1,1,0
1,1,1,0
1,1,1,0
1,1,1,0
1,1,1,0
1,1,1,0
1,1,1,0
1,1,1,0
1,1,1,0
1,1,1,0
1,1,1,0
1,1,1,0
1,1,1,0
1,1,1,0
1,1,1,1
1,1,1,0
1,1,1,0
1,1,1,0
1,1,1,0
1,1,1,0
1,1,1,0
1,1,1,0
1,1,1,0
1,1,1,0
1,1,1,0
1,1,1,0
1,0,0,0
1,1,1,0
1,1,1,0
1,1,1,0
1,1,1,0
1,1,1,0
1,1,1,0
1,1,0,0
1,1,1,0
1,1,1,0
1,1,1,1
1,1,1,0
1,1,1,0
1,1,1,0
1,0,1,0
1,1,1,0
1,1,1,0
1,1,1,0
1,1,1,0
1,0,1,0
1,1,1,0
1,1,1,0
1,1,1,0
1,0,0,0
1,0,0,0
1,1,1,0
1,1,0,0
1,1,1,0
1,0,1,0
1,1,1,0
1,1,1,0
1,1,1,0
1,1,1,0
1,1,1,0
1,1,1,0
1,1,1,1
1,1,1,0
1,1,1,0
1,1,1,0
1,1,1,0
1,0,1,0
1,1,1,0
1,1,1,0
1,1,1,0
1,1,1,1
1,0,1,0
1,1,1,0
1,0,1,1
1,1,1,0
1,1,1,0
1,0,1,0
1,1,1,0
1,1,1,0
1,1,1,0
1,1,1,0
1,1,1,0
1,1,1,0
1,1,1,0
1,1,1,0
1,1,0,0
1,0,1,0
1,1,1,0
1,1,1,0
1,1,1,0
1,1,1,0
1,1,1,0
1,1,1,0
1,1,1,0
1,1,1,0
1,1,1,0
1,0,1,0
1,0,1,0
1,1,1,0
1,1,1,0
1,1,1,0
1,1,1,0
1,1,1,0
1,1,1,0
1,1,1,0
1,1,1,0
1,0,1,0
1,1,1,0
1,1,1,0
1,1,1,0
1,1,1,0
1,1,1,0
1,1,1,1
1,1,1,0
1,1,1,0
1,1,1,0
1,1,1,0
1,1,1,0
1,1,1,0
1,1,1,0
1,1,1,0
1,1,1,0
1,1,1,0
1,1,1,0
1,1,1,0
1,1,1,0
1,0,1,0
1,1,1,1
1,1,1,0
1,0,1,0
1,1,1,0
1,1,1,0
1,0,1,0
1,1,1,0
1,1,1,0
1,1,1,0
1,1,1,0
1,1,1,0
1,0,1,0
1,0,1,0
1,0,0,0
1,1,1,0
1,1,1,0
1,1,1,0
1,0,1,0
1,1,1,0
1,0,1,0
1,1,1,0
1,1,1,0
1,1,1,0
1,1,1,0
1,0,1,0
1,1,1,0
1,1,1,0
1,1,1,0
1,1,1,0
1,1,1,0
1,1,1,0
1,1,1,0
1,1,1,0
1,1,1,0
1,1,1,0
1,0,1,0
1,1,1,0
1,1,1,0
1,0,0,1
1,1,1,0
1,1,1,0
1,1,1,0
1,1,1,1
1,1,1,0
1,1,1,0
1,0,1,0
1,1,1,0
1,1,1,0
1,1,1,0
1,1,1,0
1,1,1,0
1,0,1,0
1,1,1,0
1,1,1,0
1,1,1,0
1,1,1,0
1,0,1,0
1,1,1,0
1,0,1,0
1,0,1,0
1,1,1,0
1,1,1,0
1,1,1,1
1,1,1,0
1,1,1,0
1,1,1,0
1,1,1,0
1,1,1,0
1,1,1,0
1,1,1,0
1,1,1,0
1,1,1,0
1,1,1,0
1,1,1,0
1,1,1,0
1,1,1,0
1,1,1,0
1,1,1,0
1,1,1,0
1,1,1,0
1,1,1,0
1,0,1,0
1,1,1,1
1,0,1,0
1,0,1,0
1,1,1,0
1,1,1,0
1,1,1,0
1,1,1,0
1,1,1,0
1,1,1,0
1,1,1,0
1,1,1,0
1,1,1,0
1,1,1,0
1,1,1,0
1,1,1,0
1,1,1,0
1,1,1,0
1,1,1,0
1,0,1,0
1,0,1,0
1,1,1,1
1,1,1,0
1,1,1,0
1,1,1,0
1,1,1,0
1,1,1,0
1,1,1,0
1,1,1,0
1,1,1,0
1,1,1,0
1,1,1,0
1,1,1,0
1,1,1,0
1,0,1,0
1,1,1,0
1,1,0,0
1,1,1,0
1,1,1,0
1,1,1,0
1,1,1,0
1,1,1,0
1,1,1,0
1,1,1,0
1,0,0,0
1,1,1,0
1,1,1,0
1,1,1,0
1,1,1,0
1,1,1,0
1,1,1,0
1,1,1,1
1,1,1,0
1,1,1,0
1,1,1,0
1,1,1,0
1,1,1,0
1,1,1,1
1,1,1,0
1,1,1,0
1,1,1,0
1,0,0,0
1,1,1,0
1,1,0,0
1,0,1,0
1,1,1,0
1,1,1,0
1,1,1,0
1,0,1,0
1,1,1,0
1,1,1,0
1,0,1,0
1,1,1,0
1,1,1,0
1,1,1,0
1,1,1,0
1,1,1,0
1,1,1,0
1,1,1,0
1,0,1,0
1,1,1,0
1,1,1,0
1,1,1,0
1,1,1,0
1,1,1,0
1,0,1,0
1,1,1,0
1,1,1,0
1,1,1,0
1,1,1,0
1,1,1,0
1,1,1,0
1,0,0,0
1,1,1,0
1,1,1,0
1,1,1,0
1,1,1,0
1,1,1,0
1,0,1,0
1,1,1,0
1,1,1,0
1,1,1,0
1,1,1,0
1,1,1,0
1,1,1,0
1,1,1,0
1,1,1,0
1,1,1,0
1,1,1,0
1,0,1,0
1,1,1,0
1,1,1,0
1,1,1,0
1,1,1,0
1,1,1,0
1,1,1,0
1,1,1,0
1,1,1,0
1,1,1,0
1,1,1,0
1,1,1,0
1,1,1,0
1,1,1,0
1,0,1,0
1,1,1,0
1,1,0,0
1,1,1,0
1,1,1,0
1,1,1,0
1,1,1,0
1,1,1,0
1,1,1,0
1,1,1,0
1,1,1,0
1,1,1,0
1,0,1,0
1,1,1,0
1,1,1,0
1,1,1,0
1,1,1,0
1,1,1,0
1,1,1,0
1,1,1,0
1,1,1,0
1,0,1,0
1,0,1,0
1,1,1,0
1,0,1,0
1,1,1,0
1,0,1,0
1,1,1,0
1,1,1,0
1,1,1,0
1,1,1,0
1,1,1,0
1,1,1,0
1,1,0,0
1,0,1,1
1,1,1,0
1,1,1,0
1,1,0,0
1,1,1,0
1,1,1,0
1,1,1,0
1,1,1,0
1,1,1,0
1,1,1,0
1,1,1,0
1,0,1,0
1,1,1,0
1,1,1,0
1,1,1,0
1,1,1,0
1,1,0,0
1,1,1,0
1,1,1,0
1,0,1,0
1,1,1,0
1,1,1,0
1,1,1,0
1,1,1,0
1,1,1,0
1,1,1,0
1,0,1,0
1,1,1,0
1,1,1,0
1,1,1,0
1,1,1,0
1,1,1,0
1,1,1,0
1,1,1,0
1,1,1,0
1,1,1,0
1,1,1,0
1,1,1,0
1,1,1,0
1,0,1,0
1,0,1,0
1,0,1,0
1,1,1,0
1,1,0,0
1,1,1,0
1,1,1,0
1,1,1,0
1,1,1,0
1,1,1,0
1,1,1,0
1,1,1,0
1,1,1,0
1,0,0,0
1,1,1,0
1,1,1,0
1,1,1,0
1,1,1,1
1,1,1,0
1,1,1,0
1,1,1,0
1,1,1,0
1,1,1,0
1,1,1,0
1,0,1,0
1,1,1,0
1,1,1,0
1,1,1,0
1,1,1,0
1,1,1,0
1,0,1,0
1,1,1,0
1,0,1,0
1,0,1,0
1,0,1,0
1,1,0,0
1,1,1,0
1,0,1,0
1,0,1,1
1,1,1,0
1,0,1,0
1,1,1,0
1,0,1,0
1,1,1,0
1,1,1,0
1,1,1,0
1,1,1,0
1,1,1,0
1,1,1,0
1,1,1,0
1,1,1,0
1,1,1,0
1,1,1,0
1,1,1,0
1,1,1,0
1,1,1,0
1,1,1,0
1,1,1,1
1,1,1,0
1,0,1,0
1,1,1,0
1,1,1,0
1,0,1,0
1,1,1,0
1,0,1,0
1,1,1,0
1,1,1,0
1,0,1,0
1,0,1,0
1,1,1,0
1,1,0,0
1,1,1,0
1,1,1,0
1,1,1,0
1,1,1,0
1,0,1,0
1,1,1,0
1,1,1,0
1,1,1,0
1,1,1,0
1,0,1,0
1,1,1,0
1,1,1,0
1,1,1,0
1,1,1,0
1,1,1,0
1,1,0,0
1,1,1,0
1,0,1,0
1,1,1,0
1,1,1,0
1,1,1,0
1,1,1,0
1,1,1,0
1,1,1,0
1,1,1,0
1,1,1,0
1,1,1,0
1,1,1,0
1,1,1,0
1,1,1,0
1,0,1,0
1,1,1,0
1,1,1,0
1,1,1,0
1,1,1,0
1,1,1,0
1,1,1,0
1,1,1,0
1,1,0,0
1,1,1,0
1,1,1,0
1,1,1,0
1,1,1,0
1,1,1,0
1,1,1,0
1,1,1,0
1,1,1,0
1,1,1,0
1,0,1,0
1,1,1,0
1,0,0,0
1,0,1,0
1,1,1,0
1,1,1,0
1,1,1,0
1,1,1,0
1,1,1,0
1,1,1,0
1,1,1,0
1,1,1,0
1,1,1,0
1,1,1,0
1,0,1,0
1,1,1,0
1,1,1,0
1,1,1,0
1,1,1,0
1,1,1,0
1,0,1,0
1,1,1,0
1,1,1,0
1,1,1,0
1,1,1,0
1,1,1,0
1,1,1,0
1,1,1,0
1,1,1,0
1,1,1,0
1,1,1,0
1,0,1,0
1,1,1,0
1,1,0,0
1,1,1,0
1,1,1,0
1,0,1,0
1,1,1,0
1,1,1,0
1,1,1,0
1,1,1,0
1,1,1,0
1,1,1,0
1,1,1,0
1,1,1,0
1,0,1,0
1,0,0,0
1,1,1,0
1,1,1,0
1,1,1,0
1,0,0,0
1,0,1,0
1,1,1,0
1,1,0,0
1,1,1,0
1,1,1,1
1,1,1,0
1,1,1,0
1,1,1,0
1,1,1,0
1,1,1,0
1,1,1,0
1,0,1,0
1,1,1,0
1,1,1,0
1,1,1,0
1,1,1,0
1,1,1,0
1,1,1,0
1,1,1,0
1,1,1,0
1,0,1,0
1,1,1,0
1,1,1,0
1,1,1,0
1,1,1,0
1,1,1,0
1,1,1,0
1,1,1,0
1,1,1,0
1,1,1,0
1,1,1,0
1,1,1,0
1,1,1,0
1,1,1,0
1,1,1,0
1,0,1,0
1,0,0,0
1,1,1,0
1,1,1,0
1,0,1,0
1,1,1,0
1,1,1,0
1,0,1,0
1,1,1,0
1,1,1,0
1,1,1,0
1,1,1,0
1,1,1,0
1,1,1,0
1,0,1,0
1,1,1,0
1,1,1,0
1,1,1,0
1,1,1,0
1,1,1,0
1,1,1,0
1,1,1,0
1,1,1,0
1,1,1,0
1,0,1,0
1,0,1,0
1,1,1,0
1,1,1,0
1,0,1,0
1,1,1,0
1,1,1,0
1,1,1,0
1,1,1,0
1,1,1,0
1,1,1,0
1,1,1,0
1,1,1,0
1,0,1,0
1,1,1,0
1,1,1,0
1,0,1,0
1,1,1,0
1,1,1,0
1,0,1,0
1,0,1,0
1,0,0,0
1,1,1,0
1,1,1,0
1,1,1,0
1,1,1,0
1,1,1,0
1,1,1,0
1,1,1,0
1,1,1,0
1,0,1,0
1,1,1,0
1,1,1,0
1,0,1,0
1,1,1,0
1,0,1,0
1,1,1,0
1,1,0,0
1,0,1,0
1,1,0,0
1,1,1,0
1,1,1,0
1,0,0,0
1,1,1,0
1,1,1,0
1,0,1,0
1,1,1,0
1,1,0,0
1,0,0,0
1,1,1,0
1,1,1,0
1,1,1,0
1,0,0,0
1,1,0,0
1,0,0,0
1,0,1,0
1,1,0,0
1,0,0,0
1,1,0,0
1,0,0,0
1,1,1,0
1,1,1,0
1,1,1,0
1,0,1,0
1,0,1,0
1,0,0,0
1,1,1,0
1,1,1,0
1,1,1,0
1,1,0,0
1,1,0,0
1,1,1,0
1,1,0,0
1,1,1,0
1,0,1,0
1,0,1,0
1,0,1,0
1,1,1,0
1,1,0,0
1,1,0,0
1,1,1,0
1,1,1,0
1,0,1,0
1,1,0,0
1,1,1,0
1,1,0,0
1,1,0,0
1,1,0,0
1,1,0,0
1,0,0,0
1,0,0,0
1,1,1,0
1,1,0,0
1,1,0,0
1,0,1,0
1,1,0,0
1,0,1,0
1,1,0,0
1,0,0,0
1,1,0,0
1,0,0,0
1,1,0,0
1,1,0,0
1,0,0,0
1,0,0,0
1,1,0,0
1,1,0,0
1,1,0,0
1,1,1,0
1,1,0,0
1,0,1,0
1,0,1,0
1,1,0,0
1,0,0,0
1,1,0,0
1,1,0,0
1,0,0,0
1,0,0,0
1,1,0,0
1,1,0,0
1,1,1,0
1,0,0,0
1,0,0,0
1,1,0,0
1,1,1,0
1,1,0,0
1,1,0,0
1,0,0,0
1,1,0,0
1,1,1,0
1,0,0,0
1,0,0,0
1,1,0,0
1,0,1,0
0,1,1,0
0,1,1,0
0,1,0,0
0,1,1,1
0,1,0,0
0,1,0,0
0,1,0,0
0,1,0,0
0,1,0,0
0,1,0,0
0,1,0,1
0,1,0,1
0,1,0,0
0,1,1,0
0,1,0,0
0,1,0,0
0,1,0,0
0,1,1,0
0,1,0,0
0,1,0,0
0,1,0,0
0,1,0,0
0,1,0,0
0,1,0,0
0,1,0,0
0,1,1,1
0,1,0,1
0,1,1,0
0,1,0,0
0,1,0,0
0,1,0,0
0,1,1,0
0,1,0,0
0,1,0,0
0,1,0,0
0,1,1,0
0,1,0,0
0,1,0,0
0,1,0,0
0,1,0,0
0,1,0,1
0,1,0,0
0,1,0,0
0,1,0,0
0,1,0,0
0,1,0,0
0,1,1,0
0,1,1,0
0,1,0,1
0,1,1,0
0,1,0,0
0,1,0,0
0,1,1,0
0,1,0,1
0,1,0,0
0,1,0,0
0,1,0,0
0,1,1,0
0,1,0,0
0,1,1,0
0,1,0,0
0,1,0,0
0,1,0,0
0,1,1,0
0,1,1,0
0,1,1,0
0,1,0,0
0,1,0,0
0,1,0,0
0,1,0,0
0,1,0,0
0,1,0,0
0,1,0,0
0,1,1,0
0,1,0,0
0,1,1,0
0,1,0,0
0,1,0,0
0,1,0,0
0,1,0,0
0,1,0,0
0,1,0,0
0,1,1,0
0,1,1,0
0,1,0,0
0,1,1,0
0,1,0,0
0,1,0,0
0,1,0,0
0,1,0,0
0,1,0,0
0,1,0,0
0,1,1,0
0,1,0,0
0,1,0,0
0,1,1,0
0,1,0,0
0,1,0,0
0,1,1,0
0,1,0,0
0,1,0,0
0,1,0,0
0,1,1,0
0,1,0,0
0,1,0,0
0,1,0,0
0,1,1,0
0,1,0,0
0,1,1,0
0,1,0,0
0,1,0,0
0,1,0,0
0,1,0,0
0,1,0,0
0,1,0,0
0,1,0,0
0,1,0,0
0,1,1,0
0,1,0,0
0,1,0,0
0,1,0,0
0,1,0,0
0,1,1,0
0,1,0,0
0,1,0,0
0,1,0,0
0,1,0,0
0,1,0,0
0,1,1,0
0,1,0,1
0,1,0,0
0,1,0,0
0,1,0,0
0,1,0,0
0,1,0,0
0,1,0,0
0,1,0,0
0,1,0,0
0,1,0,0
0,1,1,0
0,1,0,0
0,1,1,0
0,1,1,0
0,1,1,0
0,1,0,0
0,1,0,0
0,1,0,0
0,1,0,0
0,1,1,0
0,1,0,0
0,1,0,0
0,1,0,0
0,1,0,0
0,1,1,0
0,1,0,0
0,1,0,0
0,1,0,0
0,1,1,0
0,1,0,0
0,1,0,0
0,1,0,0
0,1,0,0
0,1,0,0
0,1,0,0
0,1,0,0
0,1,0,0
0,1,1,0
0,1,1,0
0,1,0,0
0,1,0,0
0,1,0,0
0,1,0,0
0,1,0,0
0,1,0,0
0,1,0,0
0,1,0,0
0,1,0,0
0,1,0,0
0,1,0,0
0,1,1,0
0,1,0,1
0,1,0,0
0,1,0,0
0,1,0,0
0,1,0,0
0,1,1,0
0,1,0,0
0,1,1,0
0,1,1,0
0,1,0,0
0,1,0,0
0,1,0,0
0,1,0,0
0,1,0,0
0,1,0,0
0,1,1,0
0,1,0,0
0,1,0,0
0,1,0,0
0,1,0,0
0,1,0,0
0,1,0,0
0,1,0,0
0,1,0,0
0,1,0,0
0,1,1,0
0,1,1,0
0,1,1,0
0,1,1,0
0,1,0,0
0,1,0,1
0,1,0,0
0,1,0,0
0,1,1,0
0,1,0,0
0,1,1,0
0,1,0,0
0,1,0,0
0,1,0,0
0,1,0,0
0,1,0,0
0,1,1,0
0,1,0,0
0,1,1,0
0,1,0,0
0,1,0,0
0,1,0,1
0,1,1,0
0,1,0,0
0,1,1,0
0,1,0,0
0,1,1,0
0,1,0,0
0,1,1,0
0,1,0,0
0,1,0,0
0,1,1,0
0,1,0,1
0,1,0,0
0,1,0,0
0,1,0,0
0,1,0,0
0,1,0,0
0,1,0,0
0,1,0,0
0,1,0,0
0,1,0,0
0,1,0,0
0,1,0,0
0,1,0,0
0,1,0,0
0,1,0,0
0,1,0,0
0,1,1,0
0,1,0,1
0,1,0,0
0,1,0,0
0,1,0,0
0,1,0,0
0,1,0,0
0,1,1,0
0,1,0,0
0,1,1,0
0,1,0,0
0,1,0,0
0,1,0,0
0,1,0,0
0,1,0,0
0,1,0,0
0,1,0,0
0,1,0,0
0,1,0,0
0,1,0,0
0,1,0,0
0,1,0,0
0,1,0,0
0,1,0,1
0,1,0,0
0,1,0,0
0,1,0,0
0,1,0,0
0,1,0,0
0,1,1,0
0,1,0,0
0,1,1,0
0,1,0,0
0,1,0,0
0,1,0,0
0,1,0,0
0,1,0,0
0,1,1,0
0,1,0,0
0,1,0,0
0,1,1,0
0,1,0,0
0,1,1,0
0,1,0,0
0,1,0,0
0,1,0,0
0,1,0,0
0,1,1,0
0,1,1,0
0,1,0,0
0,1,0,1
0,1,0,0
0,1,1,0
0,1,0,0
0,1,0,0
0,1,0,0
0,1,0,0
0,1,0,0
0,1,0,1
0,1,0,0
0,1,0,0
0,1,1,0
0,1,0,0
0,1,1,0
0,1,0,0
0,1,0,0
0,1,1,0
0,1,1,0
0,1,0,0
0,1,0,0
0,1,0,0
0,1,1,0
0,1,0,0
0,1,0,0
0,1,0,0
0,1,0,0
0,1,0,0
0,1,1,0
0,1,0,1
0,1,0,0
0,1,0,0
0,1,0,0
0,1,0,0
0,1,0,0
0,1,0,0
0,1,0,0
0,1,0,0
0,1,0,0
0,1,0,0
0,1,0,0
0,1,0,0
0,1,0,0
0,1,1,0
0,1,0,0
0,1,0,0
0,1,0,0
0,1,0,0
0,1,1,0
0,1,0,0
0,1,1,0
0,1,0,0
0,1,0,0
0,1,0,0
0,1,0,0
0,1,0,0
0,1,1,0
0,1,0,0
0,1,0,0
0,1,0,0
0,1,0,0
0,1,1,0
0,1,0,0
0,1,0,0
0,1,0,0
0,1,0,0
0,1,0,0
0,1,0,0
0,1,0,0
0,1,0,0
0,1,0,0
0,1,0,0
0,1,0,0
0,1,0,0
0,1,0,0
0,1,0,0
0,1,0,0
0,1,0,0
0,1,0,0
0,1,0,0
0,1,0,0
0,0,1,0
0,0,1,0
0,0,1,0
0,0,1,1
0,0,1,0
0,0,1,0
0,0,1,1
0,0,1,0
0,0,1,0
0,0,1,1
0,0,1,0
0,0,1,1
0,0,1,0
0,0,1,0
0,0,1,0
0,0,1,0
0,0,1,0
0,0,1,0
0,0,1,0
0,0,1,0
0,0,1,0
0,0,1,0
0,0,1,0
0,0,1,0
0,0,1,0
0,0,1,0
0,0,1,0
0,0,1,0
0,0,1,0
0,0,1,0
0,0,1,0
0,0,1,0
0,0,1,0
0,0,1,0
0,0,1,0
0,0,1,0
0,0,1,1
0,0,1,0
0,0,1,0
0,0,1,0
0,0,1,0
0,0,1,0
0,0,1,0
0,0,1,0
0,0,1,0
0,0,1,0
0,0,1,0
0,0,1,0
0,0,1,0
0,0,1,0
0,0,1,0
0,0,1,0
0,0,1,0
0,0,1,0
0,0,1,0
0,0,1,0
0,0,1,0
0,0,1,0
0,0,1,0
0,0,1,0
0,0,1,0
0,0,1,0
0,0,1,0
0,0,1,0
0,0,1,0
0,0,1,0
0,0,1,0
0,0,1,0
0,0,1,0
0,0,1,0
0,0,1,0
0,0,1,0
0,0,1,0
0,0,1,0
0,0,1,0
0,0,1,0
0,0,1,0
0,0,1,1
0,0,1,0
0,0,1,0
0,0,1,0
0,0,1,0
0,0,1,0
0,0,1,0
0,0,1,0
0,0,1,0
0,0,1,0
0,0,1,0
0,0,1,0
0,0,1,0
0,0,1,0
0,0,1,0
0,0,1,0
0,0,1,0
0,0,1,0
0,0,1,0
0,0,1,0
0,0,1,0
0,0,1,0
0,0,1,0
0,0,1,0
0,0,1,0
0,0,1,0
0,0,1,0
0,0,1,0
0,0,1,0
0,0,1,0
0,0,1,0
0,0,1,0
0,0,1,0
0,0,1,0
0,0,1,0
0,0,1,0
0,0,1,0
0,0,1,0
0,0,1,0
0,0,1,0
0,0,1,0
0,0,1,0
0,0,1,0
0,0,1,0
0,0,1,0
0,0,1,0
0,0,1,0
0,0,0,1
0,0,0,1
0,0,0,1
0,0,0,1
0,0,0,1
0,0,0,1
0,0,0,1
0,0,0,1
0,0,0,1
0,0,0,1
0,0,0,1
0,0,0,1
0,0,0,1
0,0,0,1
0,0,0,1
0,0,0,1
0,0,0,1
0,0,0,1
0,0,0,1
0,0,0,1
0,0,0,1
0,0,0,1
0,0,0,1
0,0,0,1
0,0,0,1
0,0,0,1
0,0,0,1
0,0,0,1
0,0,0,1
0,0,0,1
0,0,0,1
0,0,0,1
0,0,0,1
0,0,0,1
0,0,0,1
0,0,0,1
0,0,0,1
0,0,0,1
0,0,0,1
0,0,0,1
0,0,0,1
0,0,0,1
0,0,0,1
0,0,0,1
0,0,0,1
0,0,0,1
0,0,0,1
0,0,0,1
0,0,0,1
0,0,0,1
0,0,0,1
0,0,0,1
0,0,0,1
0,0,0,1
0,0,0,1
0,0,0,1
0,0,0,1
0,0,0,1
0,0,0,1
0,0,0,1
0,0,0,1
0,0,0,1
0,0,0,1
0,0,0,1
0,0,0,1
0,0,0,1
0,0,0,1
0,0,0,1
0,0,0,1
0,0,0,1
0,0,0,1
0,0,0,1
0,0,0,1
0,0,0,1
0,0,0,1
0,0,0,1
0,0,0,1
0,0,0,1
0,0,0,1
0,0,0,1
0,0,0,1
0,0,0,1
0,0,0,1
0,0,0,1
0,0,0,1
0,0,0,1
0,0,0,1
0,0,0,1
0,0,0,1
0,0,0,1
0,0,0,1
0,0,0,1
0,0,0,1
0,0,0,1
0,0,0,1
0,0,0,1
0,0,0,1
0,0,0,1
0,0,0,1
0,0,0,1
0,0,0,1
0,0,0,1
0,0,0,1
0,0,0,1
0,0,0,1
0,0,0,1
0,0,0,1
0,0,0,1
0,0,0,1
0,0,0,1
0,0,0,1
0,0,0,1
0,0,0,1
0,0,0,1
0,0,0,1
0,0,0,1
0,0,0,1
0,0,0,1
0,0,0,1
0,0,0,1
0,0,0,1
0,0,0,1
0,0,0,1
0,0,0,1
0,0,0,1
0,0,0,1
0,0,0,1
0,0,0,1
0,0,0,1
0,0,0,1
0,0,0,1
0,0,0,1
0,0,0,1
0,0,0,1
0,0,0,1
0,0,0,1
0,0,0,1
0,0,0,1
0,0,0,1
0,0,0,1
0,0,0,1
0,0,0,1
0,0,0,1
0,0,0,1
0,0,0,1
0,0,0,1
0,0,0,1
0,0,0,1
0,0,0,1
0,0,0,1
0,0,0,1
0,0,0,1
0,0,0,1
0,0,0,1
0,0,0,1
0,0,0,1
0,0,0,1
0,0,0,1
0,0,0,1
0,0,0,1
0,0,0,1
0,0,0,1
0,0,0,1
0,0,0,1
0,0,0,1
0,0,0,1
0,0,0,1
0,0,0,1
0,0,0,1
0,0,0,1
0,0,0,1
0,0,0,1
0,0,0,1
0,0,0,1
0,0,0,1
0,0,0,1
0,0,0,1
0,0,0,1
0,0,0,1
0,0,0,1
0,0,0,1
0,0,0,1
0,0,0,1
0,0,0,1
0,0,0,1
0,0,0,1
0,0,0,1
0,0,0,1
0,0,0,1
0,0,0,1
0,0,0,1
0,0,0,1
